row,compound_id,n_iter,ens,seed,eps,mlasp,cost,freq,elapsed_s
1,SYN-0001,2000,10,1001,0.0,"[""kpuu""; ""1uM_PgP""]",4400.0,6,84.5
1,SYN-0001,2000,10,1001,0.1,"[""kpuu""]",4000.0,4,84.5
1,SYN-0001,2000,10,1001,0.2,"[""kpuu""]",4000.0,3,84.5
1,SYN-0001,2000,10,1001,0.3,"[""kpuu""]",4000.0,5,84.5
1,SYN-0001,2000,10,1001,0.4,"[""kpuu""]",4000.0,4,84.5
1,SYN-0001,2000,10,1001,0.5,"[""kpuu""]",4000.0,2,84.5
1,SYN-0001,2000,10,1001,0.6,"[""kpuu""]",4000.0,2,84.5
1,SYN-0001,2000,10,1001,0.7,"[""kpuu""]",4000.0,1,84.5
1,SYN-0001,2000,10,1001,0.8,"[""kpuu""]",4000.0,3,84.5
1,SYN-0001,2000,10,1001,1.0,"[""kpuu""]",4000.0,1,84.5
1,SYN-0001,20000,10,1001,0.0,"[""kpuu""; ""1uM_PgP""]",4400.0,7,935.6
1,SYN-0001,20000,10,1001,0.1,"[""kpuu""]",4000.0,6,935.6
1,SYN-0001,20000,10,1001,0.2,"[""kpuu""]",4000.0,3,935.6
1,SYN-0001,20000,10,1001,0.3,"[""kpuu""]",4000.0,5,935.6
1,SYN-0001,20000,10,1001,0.4,"[""kpuu""]",4000.0,5,935.6
1,SYN-0001,20000,10,1001,0.5,"[""kpuu""]",4000.0,2,935.6
1,SYN-0001,20000,10,1001,0.6,"[""kpuu""]",4000.0,4,935.6
1,SYN-0001,20000,10,1001,0.7,"[""kpuu""]",4000.0,1,935.6
1,SYN-0001,20000,10,1001,0.8,"[""kpuu""]",4000.0,3,935.6
1,SYN-0001,20000,10,1001,0.9,"[""kpuu""]",4000.0,1,935.6
1,SYN-0001,20000,10,1001,1.0,"[""kpuu""]",4000.0,1,935.6
25,SYN-0025,2000,10,1025,0.0,"[""100nM_PgP""; ""kpuu""]",4400.0,4,59.8
25,SYN-0025,2000,10,1025,0.1,"[""100nM_PgP""; ""1uM_PgP""]",800.0,7,59.8
25,SYN-0025,2000,10,1025,0.2,"[""100nM_PgP""; ""1uM_PgP""]",800.0,2,59.8
25,SYN-0025,2000,10,1025,0.3,"[""100nM_PgP""; ""1uM_PgP""]",800.0,2,59.8
25,SYN-0025,2000,10,1025,0.4,"[""100nM_PgP""; ""1uM_PgP""]",800.0,4,59.8
25,SYN-0025,2000,10,1025,0.5,"[""100nM_PgP""; ""1uM_PgP""]",800.0,2,59.8
25,SYN-0025,2000,10,1025,0.6,"[""100nM_PgP""; ""1uM_PgP""]",800.0,1,59.8
25,SYN-0025,2000,10,1025,0.7,"[""1uM_PgP""; ""100nM_BCRP""]",800.0,4,59.8
25,SYN-0025,2000,10,1025,0.9,"[""100nM_PgP""; ""100nM_BCRP""]",800.0,2,59.8
25,SYN-0025,20000,10,1025,0.0,"[""kpuu""; ""1uM_PgP""]",4400.0,4,582.4
25,SYN-0025,20000,10,1025,0.1,"[""100nM_PgP""; ""1uM_PgP""]",800.0,4,582.4
25,SYN-0025,20000,10,1025,0.2,"[""100nM_PgP""; ""1uM_PgP""]",800.0,6,582.4
25,SYN-0025,20000,10,1025,0.3,"[""1uM_PgP""; ""100nM_BCRP""]",800.0,4,582.4
25,SYN-0025,20000,10,1025,0.4,"[""1uM_PgP""; ""100nM_BCRP""]",800.0,3,582.4
25,SYN-0025,20000,10,1025,0.5,"[""100nM_PgP""; ""100nM_BCRP""]",800.0,1,582.4
25,SYN-0025,20000,10,1025,0.6,"[""100nM_PgP""; ""100nM_BCRP""]",800.0,1,582.4
25,SYN-0025,20000,10,1025,0.7,"[""100nM_PgP""; ""100nM_BCRP""]",800.0,3,582.4
25,SYN-0025,20000,10,1025,0.8,"[""100nM_PgP""; ""100nM_BCRP""]",800.0,1,582.4
25,SYN-0025,20000,10,1025,0.9,"[""100nM_PgP""; ""100nM_BCRP""]",800.0,1,582.4
25,SYN-0025,20000,10,1025,1.0,"[""100nM_PgP""; ""100nM_BCRP""]",800.0,1,582.4
50,SYN-0050,2000,10,1050,0.0,"[""100nM_PgP""; ""kpuu""]",4400.0,3,601.6
50,SYN-0050,20000,10,1050,0.0,"[""100nM_PgP""; ""kpuu""]",4400.0,2,5835.0
75,SYN-0075,2000,10,1075,0.0,"[""kpuu""]",4000.0,7,38.3
75,SYN-0075,2000,10,1075,0.1,"[""1uM_PgP""]",400.0,6,38.3
75,SYN-0075,2000,10,1075,0.2,"[""1uM_PgP""]",400.0,2,38.3
75,SYN-0075,2000,10,1075,0.3,"[""1uM_PgP""]",400.0,3,38.3
75,SYN-0075,2000,10,1075,0.4,"[""1uM_PgP""]",400.0,3,38.3
75,SYN-0075,2000,10,1075,0.5,"[""1uM_PgP""]",400.0,1,38.3
75,SYN-0075,2000,10,1075,0.6,"[""1uM_PgP""]",400.0,1,38.3
75,SYN-0075,2000,10,1075,0.8,"[""1uM_PgP""]",400.0,1,38.3
75,SYN-0075,2000,10,1075,0.9,"[""1uM_PgP""]",400.0,1,38.3
75,SYN-0075,2000,10,1075,1.0,"[""1uM_PgP""]",400.0,1,38.3
75,SYN-0075,20000,10,1075,0.0,"[""kpuu""]",4000.0,6,298.9
75,SYN-0075,20000,10,1075,0.1,"[""1uM_PgP""]",400.0,5,298.9
75,SYN-0075,20000,10,1075,0.2,"[""1uM_PgP""]",400.0,2,298.9
75,SYN-0075,20000,10,1075,0.3,"[""1uM_PgP""]",400.0,4,298.9
75,SYN-0075,20000,10,1075,0.4,"[""1uM_PgP""]",400.0,2,298.9
75,SYN-0075,20000,10,1075,0.6,"[""1uM_PgP""]",400.0,3,298.9
75,SYN-0075,20000,10,1075,0.7,"[""1uM_PgP""]",400.0,1,298.9
75,SYN-0075,20000,10,1075,0.8,"[""1uM_PgP""]",400.0,3,298.9
100,SYN-0100,2000,10,1100,0.0,"[""100nM_PgP""; ""kpuu""; ""100nM_BCRP""]",4800.0,6,84.0
100,SYN-0100,2000,10,1100,0.1,"[""100nM_PgP""; ""1uM_PgP""]",800.0,4,84.0
100,SYN-0100,2000,10,1100,0.2,"[""100nM_PgP""; ""1uM_PgP""]",800.0,4,84.0
100,SYN-0100,2000,10,1100,0.3,"[""100nM_PgP""; ""1uM_PgP""]",800.0,3,84.0
100,SYN-0100,2000,10,1100,0.4,"[""100nM_PgP""; ""1uM_PgP""]",800.0,3,84.0
100,SYN-0100,2000,10,1100,0.5,"[""100nM_PgP""; ""1uM_PgP""]",800.0,3,84.0
100,SYN-0100,2000,10,1100,0.6,"[""100nM_PgP""; ""1uM_PgP""]",800.0,4,84.0
100,SYN-0100,2000,10,1100,0.7,"[""100nM_PgP""; ""1uM_PgP""]",800.0,2,84.0
100,SYN-0100,2000,10,1100,0.8,"[""100nM_PgP""; ""1uM_PgP""]",800.0,3,84.0
100,SYN-0100,2000,10,1100,0.9,"[""100nM_PgP""; ""100nM_BCRP""]",800.0,1,84.0
100,SYN-0100,20000,10,1100,0.0,"[""100nM_PgP""; ""kpuu""; ""100nM_BCRP""]",4800.0,6,698.8
100,SYN-0100,20000,10,1100,0.1,"[""kpuu""]",4000.0,3,698.8
100,SYN-0100,20000,10,1100,0.2,"[""100nM_PgP""; ""1uM_PgP""; ""100nM_BCRP""]",1200.0,3,698.8
100,SYN-0100,20000,10,1100,0.3,"[""100nM_PgP""; ""1uM_PgP""]",800.0,4,698.8
100,SYN-0100,20000,10,1100,0.4,"[""100nM_PgP""; ""1uM_PgP""]",800.0,5,698.8
100,SYN-0100,20000,10,1100,0.5,"[""100nM_PgP""; ""100nM_BCRP""]",800.0,3,698.8
100,SYN-0100,20000,10,1100,0.6,"[""100nM_PgP""; ""100nM_BCRP""]",800.0,1,698.8
100,SYN-0100,20000,10,1100,0.7,"[""100nM_PgP""; ""100nM_BCRP""]",800.0,2,698.8
100,SYN-0100,20000,10,1100,0.8,"[""100nM_PgP""; ""1uM_PgP""]",800.0,5,698.8
100,SYN-0100,20000,10,1100,0.9,"[""100nM_PgP""; ""1uM_PgP""]",800.0,2,698.8
100,SYN-0100,20000,10,1100,1.0,"[""100nM_PgP""; ""1uM_PgP""]",800.0,2,698.8
150,SYN-0150,2000,10,1150,0.0,"[""kpuu""; ""1uM_PgP""]",4400.0,6,59.8
150,SYN-0150,2000,10,1150,0.1,"[""1uM_PgP""; ""100nM_BCRP""]",800.0,4,59.8
150,SYN-0150,2000,10,1150,0.2,"[""100nM_PgP""; ""100nM_BCRP""]",800.0,3,59.8
150,SYN-0150,2000,10,1150,0.3,"[""100nM_PgP""; ""100nM_BCRP""]",800.0,4,59.8
150,SYN-0150,2000,10,1150,0.4,"[""100nM_BCRP""]",400.0,1,59.8
150,SYN-0150,2000,10,1150,0.5,"[""100nM_BCRP""]",400.0,2,59.8
150,SYN-0150,2000,10,1150,0.6,"[""100nM_PgP""; ""1uM_PgP""]",800.0,7,59.8
150,SYN-0150,2000,10,1150,0.7,"[""100nM_PgP""; ""1uM_PgP""]",800.0,3,59.8
150,SYN-0150,2000,10,1150,0.8,"[""100nM_PgP""; ""1uM_PgP""]",800.0,2,59.8
150,SYN-0150,2000,10,1150,0.9,"[""100nM_PgP""; ""1uM_PgP""]",800.0,3,59.8
150,SYN-0150,2000,10,1150,1.0,"[""100nM_PgP""; ""1uM_PgP""]",800.0,2,59.8
150,SYN-0150,20000,10,1150,0.0,"[""kpuu""; ""1uM_PgP""]",4400.0,5,518.7
150,SYN-0150,20000,10,1150,0.1,"[""1uM_PgP""; ""100nM_BCRP""]",800.0,5,518.7
150,SYN-0150,20000,10,1150,0.2,"[""100nM_BCRP""]",400.0,2,518.7
150,SYN-0150,20000,10,1150,0.3,"[""100nM_BCRP""]",400.0,5,518.7
150,SYN-0150,20000,10,1150,0.4,"[""100nM_PgP""; ""100nM_BCRP""]",800.0,1,518.7
150,SYN-0150,20000,10,1150,0.5,"[""100nM_PgP""; ""1uM_PgP""]",800.0,5,518.7
150,SYN-0150,20000,10,1150,0.6,"[""100nM_PgP""; ""1uM_PgP""]",800.0,2,518.7
150,SYN-0150,20000,10,1150,0.7,"[""100nM_PgP""; ""1uM_PgP""]",800.0,3,518.7
150,SYN-0150,20000,10,1150,0.8,"[""100nM_PgP""; ""1uM_PgP""]",800.0,4,518.7
150,SYN-0150,20000,10,1150,0.9,"[""100nM_PgP""; ""1uM_PgP""]",800.0,3,518.7
150,SYN-0150,20000,10,1150,1.0,"[""100nM_PgP""; ""1uM_PgP""]",800.0,1,518.7
200,SYN-0200,2000,10,1200,0.0,"[""kpuu""]",4000.0,8,30.8
200,SYN-0200,2000,10,1200,0.1,"[""100nM_BCRP""]",400.0,8,30.8
200,SYN-0200,2000,10,1200,0.2,"[""100nM_BCRP""]",400.0,3,30.8
200,SYN-0200,2000,10,1200,0.3,"[""100nM_BCRP""]",400.0,5,30.8
200,SYN-0200,2000,10,1200,0.4,"[""100nM_BCRP""]",400.0,4,30.8
200,SYN-0200,2000,10,1200,0.5,"[""100nM_BCRP""]",400.0,6,30.8
200,SYN-0200,2000,10,1200,0.6,"[""100nM_BCRP""]",400.0,2,30.8
200,SYN-0200,2000,10,1200,0.7,"[""100nM_BCRP""]",400.0,3,30.8
200,SYN-0200,2000,10,1200,0.8,"[""100nM_BCRP""]",400.0,2,30.8
200,SYN-0200,2000,10,1200,0.9,"[""100nM_BCRP""]",400.0,1,30.8
200,SYN-0200,20000,10,1200,0.0,"[""kpuu""]",4000.0,9,224.0
200,SYN-0200,20000,10,1200,0.1,"[""100nM_BCRP""]",400.0,6,224.0
200,SYN-0200,20000,10,1200,0.2,"[""100nM_BCRP""]",400.0,6,224.0
200,SYN-0200,20000,10,1200,0.3,"[""100nM_BCRP""]",400.0,1,224.0
200,SYN-0200,20000,10,1200,0.4,"[""100nM_BCRP""]",400.0,6,224.0
200,SYN-0200,20000,10,1200,0.5,"[""100nM_BCRP""]",400.0,4,224.0
200,SYN-0200,20000,10,1200,0.6,"[""100nM_BCRP""]",400.0,3,224.0
200,SYN-0200,20000,10,1200,0.7,"[""100nM_BCRP""]",400.0,2,224.0
200,SYN-0200,20000,10,1200,0.8,"[""100nM_BCRP""]",400.0,4,224.0
200,SYN-0200,20000,10,1200,0.9,"[""100nM_BCRP""]",400.0,2,224.0
200,SYN-0200,20000,10,1200,1.0,"[""100nM_BCRP""]",400.0,1,224.0
